sensor_id,timestamp,temperature,humidity,location,sensor_type
1000,2025-04-07 11:29:15,15.9,51.19,BuildingA_Floor2,TypeA
1096,2025-04-05 08:11:24,26.26,60.61,BuildingA_Floor1,TypeC
1037,2025-04-03 21:19:40,25.53,69.41,BuildingA_Floor1,TypeA
1097,2025-04-07 04:51:54,24.88,65.56,BuildingA_Floor1,TypeA
1055,2025-04-04 21:11:59,20.21,58.75,BuildingB_Floor1,TypeB
1065,2025-04-07 23:49:10,28.52,58.18,BuildingA_Floor1,TypeC
1024,2025-04-06 18:59:37,32.7,66.13,BuildingB_Floor2,TypeC
1008,2025-04-05 01:49:54,25.9,58.59,BuildingA_Floor1,TypeB
1028,2025-04-06 23:08:25,17.14,49.68,BuildingA_Floor1,TypeC
1072,2025-04-03 18:17:06,32.06,54.02,BuildingB_Floor2,TypeC
1012,2025-04-06 01:21:46,21.5,73.17,BuildingB_Floor2,TypeC
1027,2025-04-07 21:49:46,16.59,50.64,BuildingA_Floor2,TypeC
1055,2025-04-08 11:25:46,27.24,49.94,BuildingA_Floor1,TypeC
1046,2025-04-04 13:54:36,17.69,63.83,BuildingB_Floor2,TypeA
1029,2025-04-06 00:49:50,30.39,69.24,BuildingB_Floor2,TypeB
1041,2025-04-06 07:59:35,23.61,43.84,BuildingB_Floor1,TypeC
1000,2025-04-07 15:35:41,17.02,51.36,BuildingB_Floor1,TypeA
1050,2025-04-07 23:29:26,22.64,55.67,BuildingB_Floor1,TypeB
1094,2025-04-04 22:39:26,31.02,78.27,BuildingB_Floor2,TypeC
1031,2025-04-07 13:43:40,28.04,54.83,BuildingA_Floor1,TypeB
1070,2025-04-08 03:19:52,33.85,56.09,BuildingA_Floor2,TypeC
1018,2025-04-05 18:33:26,22.37,30.55,BuildingA_Floor1,TypeB
1055,2025-04-06 07:51:06,19.03,73.13,BuildingB_Floor2,TypeB
1062,2025-04-08 01:28:02,25.96,60.45,BuildingB_Floor2,TypeB
1013,2025-04-06 08:32:25,29.28,38.68,BuildingB_Floor2,TypeC
1025,2025-04-08 15:33:25,31.93,34.5,BuildingA_Floor2,TypeC
1000,2025-04-05 12:04:44,28.83,51.22,BuildingB_Floor1,TypeA
1042,2025-04-05 06:24:15,19.26,30.73,BuildingB_Floor2,TypeA
1078,2025-04-05 14:15:54,21.27,40.56,BuildingA_Floor2,TypeC
1029,2025-04-04 12:32:39,17.18,59.36,BuildingB_Floor1,TypeA
1086,2025-04-05 07:53:39,26.69,51.3,BuildingB_Floor2,TypeB
1090,2025-04-05 02:05:50,31.28,64.05,BuildingA_Floor2,TypeA
1062,2025-04-06 13:38:40,34.31,69.46,BuildingA_Floor2,TypeA
1081,2025-04-08 05:17:27,16.0,55.77,BuildingB_Floor1,TypeA
1048,2025-04-07 11:36:39,26.86,36.38,BuildingB_Floor1,TypeA
1019,2025-04-08 15:27:45,17.17,60.95,BuildingA_Floor2,TypeB
1060,2025-04-07 22:19:00,31.77,38.76,BuildingA_Floor1,TypeA
1099,2025-04-04 11:10:08,15.38,30.76,BuildingB_Floor1,TypeB
1034,2025-04-04 13:45:29,21.24,61.8,BuildingB_Floor2,TypeC
1088,2025-04-05 03:13:48,18.05,59.35,BuildingB_Floor2,TypeC
1050,2025-04-03 23:01:41,17.14,37.11,BuildingB_Floor1,TypeC
1017,2025-04-04 18:30:27,25.7,69.37,BuildingA_Floor1,TypeC
1058,2025-04-06 04:03:20,20.58,69.93,BuildingB_Floor1,TypeC
1001,2025-04-08 01:24:51,23.55,78.07,BuildingB_Floor2,TypeA
1062,2025-04-05 11:22:42,30.27,53.29,BuildingA_Floor1,TypeC
1061,2025-04-03 22:10:03,28.0,43.24,BuildingB_Floor2,TypeB
1011,2025-04-04 22:23:40,33.23,51.22,BuildingB_Floor1,TypeB
1059,2025-04-05 20:14:51,24.16,79.94,BuildingA_Floor2,TypeC
1057,2025-04-08 11:32:44,20.67,41.6,BuildingB_Floor1,TypeA
1083,2025-04-07 10:34:11,34.7,62.73,BuildingB_Floor2,TypeC
1059,2025-04-06 09:43:17,26.34,66.72,BuildingB_Floor2,TypeB
1027,2025-04-05 16:54:06,21.9,52.79,BuildingA_Floor1,TypeA
1015,2025-04-05 19:17:09,21.48,76.15,BuildingB_Floor1,TypeA
1074,2025-04-07 02:05:18,20.27,60.35,BuildingB_Floor2,TypeC
1097,2025-04-07 10:02:47,29.74,77.17,BuildingB_Floor1,TypeA
1058,2025-04-06 07:03:34,22.79,66.67,BuildingB_Floor1,TypeC
1024,2025-04-07 14:24:56,16.86,56.2,BuildingA_Floor2,TypeC
1035,2025-04-03 18:09:46,16.6,56.57,BuildingA_Floor2,TypeA
1010,2025-04-06 01:35:09,19.07,50.64,BuildingA_Floor1,TypeC
1089,2025-04-03 19:28:18,18.51,51.32,BuildingB_Floor1,TypeB
1018,2025-04-08 03:12:51,24.99,62.18,BuildingB_Floor1,TypeA
1018,2025-04-04 01:03:26,33.54,47.58,BuildingA_Floor1,TypeA
1027,2025-04-07 21:00:05,18.58,75.64,BuildingB_Floor1,TypeA
1001,2025-04-08 05:12:51,19.34,30.58,BuildingB_Floor2,TypeA
1088,2025-04-07 05:13:23,26.64,77.56,BuildingA_Floor2,TypeB
1073,2025-04-07 04:18:43,32.46,63.77,BuildingB_Floor2,TypeA
1066,2025-04-06 16:40:36,26.48,55.97,BuildingA_Floor1,TypeA
1015,2025-04-05 10:28:48,26.66,52.36,BuildingB_Floor2,TypeC
1078,2025-04-07 13:27:33,33.6,53.84,BuildingA_Floor1,TypeB
1044,2025-04-06 11:49:51,27.91,37.15,BuildingA_Floor2,TypeA
1025,2025-04-07 01:32:11,26.98,61.81,BuildingB_Floor2,TypeA
1090,2025-04-08 02:20:27,16.57,73.94,BuildingB_Floor2,TypeB
1056,2025-04-08 06:15:32,19.71,69.02,BuildingB_Floor2,TypeA
1035,2025-04-03 23:20:15,32.9,64.82,BuildingA_Floor2,TypeA
1088,2025-04-04 12:35:34,19.33,64.66,BuildingA_Floor1,TypeC
1059,2025-04-07 01:15:57,26.52,62.82,BuildingB_Floor2,TypeB
1093,2025-04-06 20:29:26,34.68,74.61,BuildingB_Floor1,TypeB
1030,2025-04-05 12:26:37,19.74,48.63,BuildingA_Floor1,TypeC
1078,2025-04-07 09:23:01,20.12,75.83,BuildingA_Floor1,TypeA
1007,2025-04-04 03:23:01,25.55,37.77,BuildingA_Floor1,TypeB
1051,2025-04-08 01:27:19,27.85,48.46,BuildingA_Floor2,TypeC
1015,2025-04-06 07:06:46,15.56,77.81,BuildingB_Floor1,TypeA
1092,2025-04-06 04:15:40,24.55,71.03,BuildingA_Floor1,TypeA
1063,2025-04-05 15:11:45,17.03,79.95,BuildingA_Floor2,TypeA
1072,2025-04-03 19:45:00,31.7,41.81,BuildingA_Floor2,TypeB
1100,2025-04-07 19:24:24,15.82,62.87,BuildingA_Floor2,TypeA
1004,2025-04-05 00:50:44,26.84,58.19,BuildingB_Floor1,TypeB
1072,2025-04-05 14:00:11,25.36,43.79,BuildingA_Floor1,TypeC
1093,2025-04-04 04:12:21,30.72,36.12,BuildingB_Floor2,TypeA
1097,2025-04-04 09:35:48,21.09,43.37,BuildingB_Floor1,TypeC
1037,2025-04-06 07:37:10,30.68,34.91,BuildingB_Floor1,TypeB
1019,2025-04-08 09:55:48,33.41,50.76,BuildingB_Floor2,TypeA
1040,2025-04-07 06:08:23,20.5,59.52,BuildingA_Floor1,TypeC
1079,2025-04-06 21:50:59,21.87,77.71,BuildingA_Floor1,TypeC
1033,2025-04-07 03:06:06,30.37,73.84,BuildingB_Floor2,TypeA
1019,2025-04-05 02:10:19,17.51,47.21,BuildingA_Floor2,TypeB
1043,2025-04-08 12:36:05,15.13,40.96,BuildingA_Floor2,TypeC
1083,2025-04-05 03:26:30,34.05,46.29,BuildingB_Floor2,TypeA
1033,2025-04-08 03:04:34,16.77,52.59,BuildingB_Floor1,TypeC
1098,2025-04-06 14:54:35,31.37,54.49,BuildingA_Floor2,TypeB
1055,2025-04-07 16:54:50,27.31,60.55,BuildingB_Floor2,TypeA
1023,2025-04-06 07:47:53,15.66,37.5,BuildingA_Floor2,TypeB
1063,2025-04-08 16:18:59,23.88,79.38,BuildingB_Floor1,TypeB
1031,2025-04-08 11:22:16,15.49,62.65,BuildingA_Floor1,TypeC
1017,2025-04-05 01:50:08,25.48,59.86,BuildingB_Floor2,TypeC
1001,2025-04-07 08:16:50,21.36,32.55,BuildingB_Floor2,TypeB
1088,2025-04-08 04:25:53,15.82,55.28,BuildingB_Floor2,TypeB
1090,2025-04-06 12:37:20,27.09,76.59,BuildingA_Floor2,TypeA
1000,2025-04-08 01:10:02,24.85,64.86,BuildingA_Floor2,TypeA
1016,2025-04-04 18:12:04,16.57,56.79,BuildingA_Floor2,TypeA
1058,2025-04-07 16:14:48,29.04,62.01,BuildingA_Floor1,TypeB
1058,2025-04-04 09:25:02,27.07,66.1,BuildingA_Floor2,TypeA
1016,2025-04-04 14:26:42,32.04,30.12,BuildingB_Floor1,TypeB
1014,2025-04-05 10:51:21,15.88,45.35,BuildingA_Floor1,TypeB
1042,2025-04-07 12:42:39,31.66,54.27,BuildingB_Floor2,TypeA
1030,2025-04-05 09:40:38,18.86,78.38,BuildingB_Floor2,TypeC
1046,2025-04-05 07:03:50,28.96,76.43,BuildingA_Floor2,TypeC
1037,2025-04-04 02:15:31,34.71,78.05,BuildingB_Floor1,TypeC
1063,2025-04-07 02:35:19,25.03,47.85,BuildingA_Floor1,TypeA
1049,2025-04-06 00:48:45,26.38,67.56,BuildingA_Floor1,TypeA
1078,2025-04-07 11:48:01,32.98,77.45,BuildingA_Floor1,TypeB
1017,2025-04-08 12:41:02,18.18,57.56,BuildingA_Floor2,TypeA
1079,2025-04-06 09:37:40,30.16,69.41,BuildingA_Floor1,TypeC
1033,2025-04-04 07:59:15,30.91,58.63,BuildingA_Floor2,TypeA
1092,2025-04-06 01:43:40,21.82,45.92,BuildingB_Floor2,TypeA
1006,2025-04-04 05:46:43,26.54,69.81,BuildingA_Floor1,TypeA
1054,2025-04-03 17:43:09,17.18,61.39,BuildingB_Floor1,TypeA
1019,2025-04-04 10:44:47,22.99,78.85,BuildingA_Floor1,TypeA
1064,2025-04-04 22:53:02,29.06,46.83,BuildingB_Floor2,TypeA
1059,2025-04-06 12:14:03,33.93,61.36,BuildingB_Floor2,TypeC
1071,2025-04-08 16:34:02,19.81,40.6,BuildingA_Floor1,TypeA
1055,2025-04-04 17:47:35,24.0,43.8,BuildingB_Floor1,TypeB
1090,2025-04-04 00:21:02,22.39,71.69,BuildingA_Floor1,TypeB
1029,2025-04-06 23:26:47,21.94,56.27,BuildingB_Floor1,TypeC
1081,2025-04-06 05:38:37,24.16,47.79,BuildingB_Floor1,TypeB
1072,2025-04-05 11:00:51,24.96,46.05,BuildingB_Floor2,TypeB
1090,2025-04-07 05:04:37,30.77,67.62,BuildingA_Floor2,TypeB
1056,2025-04-08 08:12:47,21.26,48.26,BuildingA_Floor2,TypeC
1029,2025-04-03 21:29:06,18.49,60.35,BuildingB_Floor1,TypeA
1032,2025-04-07 16:02:58,24.73,33.17,BuildingA_Floor1,TypeB
1085,2025-04-06 21:45:37,23.22,62.43,BuildingB_Floor1,TypeB
1059,2025-04-04 07:03:30,15.87,39.04,BuildingA_Floor2,TypeA
1087,2025-04-04 04:31:55,34.97,57.8,BuildingB_Floor2,TypeB
1003,2025-04-07 00:47:46,21.82,67.0,BuildingB_Floor2,TypeA
1042,2025-04-06 05:11:16,16.23,57.41,BuildingA_Floor1,TypeA
1018,2025-04-05 22:13:41,31.01,57.39,BuildingA_Floor1,TypeA
1061,2025-04-05 22:51:23,19.56,67.35,BuildingB_Floor2,TypeB
1010,2025-04-08 07:07:34,31.1,71.38,BuildingA_Floor1,TypeA
1074,2025-04-03 19:56:59,25.82,63.81,BuildingB_Floor1,TypeC
1077,2025-04-08 03:13:35,22.04,37.52,BuildingB_Floor1,TypeB
1013,2025-04-03 23:39:00,21.3,62.63,BuildingA_Floor1,TypeC
1082,2025-04-04 03:49:14,24.37,42.17,BuildingA_Floor2,TypeA
1100,2025-04-07 13:32:22,17.39,65.1,BuildingB_Floor1,TypeA
1067,2025-04-05 21:29:11,25.95,60.32,BuildingB_Floor1,TypeB
1085,2025-04-08 00:28:31,23.14,53.94,BuildingA_Floor2,TypeA
1065,2025-04-07 19:02:19,16.82,67.19,BuildingB_Floor1,TypeB
1090,2025-04-06 19:33:29,23.08,58.74,BuildingA_Floor2,TypeA
1004,2025-04-04 19:07:34,34.79,77.43,BuildingB_Floor1,TypeC
1013,2025-04-07 09:42:05,22.36,37.72,BuildingA_Floor1,TypeC
1075,2025-04-07 09:48:10,33.47,41.87,BuildingB_Floor1,TypeB
1083,2025-04-06 20:13:09,32.23,61.47,BuildingA_Floor1,TypeA
1100,2025-04-07 12:54:44,24.56,42.76,BuildingB_Floor1,TypeC
1004,2025-04-05 19:04:51,19.76,72.76,BuildingA_Floor1,TypeC
1058,2025-04-06 13:22:45,17.77,41.75,BuildingA_Floor2,TypeA
1042,2025-04-07 23:20:13,29.82,71.61,BuildingB_Floor2,TypeA
1014,2025-04-08 12:37:03,23.92,63.46,BuildingB_Floor1,TypeC
1064,2025-04-07 05:12:38,16.98,43.7,BuildingB_Floor1,TypeB
1020,2025-04-06 21:52:05,29.12,75.4,BuildingB_Floor2,TypeC
1095,2025-04-08 10:21:36,19.91,43.51,BuildingA_Floor1,TypeB
1012,2025-04-08 14:00:48,22.93,30.57,BuildingA_Floor2,TypeA
1012,2025-04-08 02:24:05,34.32,68.74,BuildingA_Floor2,TypeC
1050,2025-04-05 04:28:42,32.66,49.31,BuildingA_Floor1,TypeA
1014,2025-04-06 10:22:59,31.82,34.35,BuildingA_Floor1,TypeB
1016,2025-04-08 11:03:51,27.17,77.98,BuildingB_Floor2,TypeB
1043,2025-04-06 11:58:38,30.21,79.4,BuildingA_Floor2,TypeB
1085,2025-04-06 16:48:09,23.88,64.46,BuildingB_Floor1,TypeC
1016,2025-04-07 09:08:44,30.24,66.04,BuildingB_Floor1,TypeA
1047,2025-04-07 21:30:20,16.61,30.55,BuildingA_Floor1,TypeC
1085,2025-04-07 19:40:59,16.13,77.19,BuildingB_Floor2,TypeA
1062,2025-04-07 18:35:44,31.28,53.73,BuildingB_Floor1,TypeA
1099,2025-04-05 11:58:54,28.3,46.69,BuildingB_Floor2,TypeB
1039,2025-04-05 09:57:32,25.48,71.58,BuildingB_Floor1,TypeB
1016,2025-04-08 06:46:53,34.66,46.3,BuildingA_Floor1,TypeA
1034,2025-04-05 06:43:27,31.93,71.11,BuildingA_Floor2,TypeB
1014,2025-04-05 00:44:52,32.83,40.65,BuildingA_Floor1,TypeC
1004,2025-04-07 11:44:14,18.21,54.48,BuildingA_Floor2,TypeC
1075,2025-04-05 14:54:28,19.79,31.47,BuildingA_Floor1,TypeA
1051,2025-04-08 08:13:30,27.73,53.62,BuildingB_Floor2,TypeB
1044,2025-04-05 11:03:13,25.45,69.27,BuildingB_Floor1,TypeB
1008,2025-04-05 05:46:23,25.29,74.29,BuildingB_Floor1,TypeA
1041,2025-04-05 16:55:09,27.28,71.68,BuildingB_Floor1,TypeB
1087,2025-04-04 04:02:11,15.8,31.08,BuildingA_Floor2,TypeA
1055,2025-04-06 19:09:26,32.61,55.0,BuildingA_Floor1,TypeB
1044,2025-04-05 23:07:09,15.42,75.92,BuildingA_Floor2,TypeA
1081,2025-04-04 22:58:05,23.6,37.6,BuildingB_Floor1,TypeA
1015,2025-04-06 09:44:45,15.52,58.05,BuildingB_Floor2,TypeC
1024,2025-04-07 08:27:28,29.73,79.05,BuildingA_Floor2,TypeB
1065,2025-04-05 18:42:50,17.52,48.04,BuildingB_Floor1,TypeC
1018,2025-04-06 10:51:27,23.74,77.99,BuildingB_Floor1,TypeB
1060,2025-04-04 01:52:30,15.33,34.4,BuildingA_Floor1,TypeC
1010,2025-04-04 21:29:21,23.73,40.88,BuildingA_Floor1,TypeC
1037,2025-04-05 07:53:03,24.61,79.58,BuildingB_Floor1,TypeA
1073,2025-04-05 19:26:46,31.92,34.38,BuildingB_Floor1,TypeA
1074,2025-04-07 09:11:26,33.72,60.43,BuildingA_Floor2,TypeC
1060,2025-04-05 19:14:48,17.89,72.77,BuildingB_Floor2,TypeC
1060,2025-04-07 07:39:58,20.25,75.89,BuildingA_Floor1,TypeC
1080,2025-04-04 00:13:44,24.32,48.7,BuildingB_Floor2,TypeB
1014,2025-04-07 17:48:59,33.34,72.89,BuildingA_Floor1,TypeC
1081,2025-04-07 06:58:18,30.56,53.16,BuildingA_Floor2,TypeB
1076,2025-04-03 20:29:08,23.39,41.42,BuildingA_Floor1,TypeB
1011,2025-04-05 01:50:59,26.97,71.97,BuildingB_Floor2,TypeC
1051,2025-04-04 01:00:24,19.5,50.94,BuildingB_Floor1,TypeA
1062,2025-04-06 18:29:09,24.0,44.83,BuildingB_Floor2,TypeB
1078,2025-04-06 10:08:39,28.29,58.73,BuildingA_Floor2,TypeA
1058,2025-04-08 14:12:52,17.06,35.45,BuildingA_Floor1,TypeA
1056,2025-04-07 20:56:10,29.14,72.65,BuildingB_Floor1,TypeB
1009,2025-04-06 07:57:00,23.19,73.1,BuildingB_Floor1,TypeA
1004,2025-04-05 07:06:04,34.14,72.5,BuildingA_Floor2,TypeC
1037,2025-04-05 14:00:29,32.55,60.67,BuildingA_Floor2,TypeC
1100,2025-04-07 00:03:52,32.8,38.2,BuildingB_Floor1,TypeC
1046,2025-04-04 20:54:09,19.6,77.39,BuildingB_Floor1,TypeB
1030,2025-04-08 16:52:18,22.53,76.0,BuildingB_Floor2,TypeB
1034,2025-04-06 16:05:43,31.45,46.62,BuildingA_Floor1,TypeA
1011,2025-04-07 21:34:58,27.29,71.34,BuildingA_Floor2,TypeB
1015,2025-04-08 12:28:32,21.96,52.92,BuildingB_Floor1,TypeB
1017,2025-04-04 15:14:09,30.14,78.69,BuildingB_Floor1,TypeB
1001,2025-04-07 06:40:26,27.5,70.52,BuildingB_Floor1,TypeA
1006,2025-04-04 21:58:33,22.73,58.89,BuildingB_Floor2,TypeB
1069,2025-04-05 03:33:29,24.57,51.2,BuildingB_Floor2,TypeB
1056,2025-04-04 11:03:02,16.06,53.61,BuildingA_Floor1,TypeB
1049,2025-04-06 03:06:11,23.93,78.21,BuildingA_Floor1,TypeA
1019,2025-04-05 23:37:50,21.72,37.87,BuildingB_Floor1,TypeB
1097,2025-04-05 23:33:14,19.14,67.7,BuildingB_Floor2,TypeB
1055,2025-04-04 13:59:56,20.28,54.56,BuildingA_Floor1,TypeC
1005,2025-04-07 01:29:34,28.17,57.23,BuildingB_Floor2,TypeB
1080,2025-04-06 12:26:28,24.4,44.56,BuildingA_Floor2,TypeA
1087,2025-04-08 04:03:39,29.5,30.58,BuildingB_Floor2,TypeB
1008,2025-04-05 10:02:40,22.58,54.87,BuildingB_Floor1,TypeC
1030,2025-04-04 19:10:46,19.97,38.53,BuildingA_Floor1,TypeC
1069,2025-04-04 07:57:06,15.97,47.87,BuildingA_Floor1,TypeA
1059,2025-04-05 18:08:22,30.22,67.18,BuildingB_Floor1,TypeC
1036,2025-04-05 23:06:52,23.94,69.28,BuildingB_Floor2,TypeA
1022,2025-04-06 21:24:56,29.32,56.46,BuildingB_Floor1,TypeB
1096,2025-04-05 19:18:00,16.94,55.11,BuildingA_Floor1,TypeB
1018,2025-04-05 10:25:40,23.77,58.01,BuildingB_Floor2,TypeA
1042,2025-04-07 14:20:02,19.19,46.22,BuildingB_Floor2,TypeC
1078,2025-04-06 22:15:15,32.68,53.42,BuildingB_Floor2,TypeC
1076,2025-04-07 21:22:53,33.68,43.55,BuildingB_Floor1,TypeC
1098,2025-04-04 18:04:35,26.65,30.19,BuildingA_Floor1,TypeA
1050,2025-04-04 00:10:48,18.2,37.25,BuildingB_Floor1,TypeB
1029,2025-04-08 10:23:33,33.62,57.97,BuildingB_Floor2,TypeA
1016,2025-04-03 23:15:25,34.27,55.89,BuildingA_Floor2,TypeA
1005,2025-04-06 10:51:01,26.76,71.12,BuildingB_Floor2,TypeA
1061,2025-04-05 10:18:42,25.0,72.85,BuildingB_Floor2,TypeA
1040,2025-04-05 01:10:46,20.44,75.42,BuildingA_Floor1,TypeC
1017,2025-04-04 19:00:40,24.63,70.27,BuildingA_Floor1,TypeB
1020,2025-04-04 16:11:22,34.1,59.26,BuildingB_Floor2,TypeC
1071,2025-04-06 05:20:09,26.78,40.71,BuildingA_Floor2,TypeC
1001,2025-04-07 16:50:48,34.47,59.18,BuildingA_Floor2,TypeA
1011,2025-04-05 22:18:42,30.52,43.24,BuildingB_Floor2,TypeA
1034,2025-04-08 14:26:23,18.85,74.8,BuildingA_Floor1,TypeA
1092,2025-04-04 12:31:45,33.75,39.32,BuildingB_Floor2,TypeA
1046,2025-04-08 16:13:49,27.57,63.36,BuildingA_Floor2,TypeB
1096,2025-04-07 18:28:37,23.31,55.88,BuildingB_Floor2,TypeB
1069,2025-04-04 13:51:05,25.67,35.98,BuildingA_Floor2,TypeC
1032,2025-04-06 10:14:41,27.76,41.42,BuildingB_Floor2,TypeA
1099,2025-04-03 20:37:10,20.53,61.18,BuildingA_Floor1,TypeA
1070,2025-04-04 01:07:18,24.34,79.74,BuildingA_Floor2,TypeA
1063,2025-04-07 20:38:24,33.52,63.22,BuildingA_Floor2,TypeA
1011,2025-04-03 22:59:25,17.67,66.61,BuildingB_Floor1,TypeA
1034,2025-04-06 11:23:22,31.63,78.99,BuildingB_Floor1,TypeC
1071,2025-04-04 08:18:17,22.65,52.04,BuildingB_Floor1,TypeB
1073,2025-04-04 22:09:56,16.13,54.16,BuildingB_Floor2,TypeA
1029,2025-04-07 01:02:01,17.26,62.27,BuildingB_Floor2,TypeC
1075,2025-04-08 03:30:17,22.12,58.08,BuildingB_Floor2,TypeA
1060,2025-04-04 11:10:25,29.78,62.12,BuildingB_Floor1,TypeA
1097,2025-04-08 01:53:42,18.59,63.57,BuildingA_Floor2,TypeB
1029,2025-04-04 11:09:54,27.56,72.67,BuildingB_Floor1,TypeB
1028,2025-04-05 19:08:36,23.87,66.08,BuildingA_Floor2,TypeA
1076,2025-04-05 03:04:33,29.18,70.33,BuildingA_Floor2,TypeC
1046,2025-04-07 23:08:13,30.98,70.36,BuildingA_Floor1,TypeA
1083,2025-04-07 18:53:34,30.11,55.56,BuildingB_Floor1,TypeC
1047,2025-04-07 03:20:36,30.95,73.51,BuildingA_Floor1,TypeA
1095,2025-04-05 16:28:37,21.92,44.42,BuildingB_Floor2,TypeA
1063,2025-04-05 06:30:53,34.43,48.81,BuildingA_Floor1,TypeC
1074,2025-04-05 08:18:41,26.17,32.22,BuildingB_Floor1,TypeB
1008,2025-04-04 11:59:13,23.68,70.22,BuildingB_Floor1,TypeB
1053,2025-04-05 22:20:50,19.63,64.5,BuildingB_Floor1,TypeB
1071,2025-04-05 01:50:39,30.52,46.57,BuildingA_Floor1,TypeC
1090,2025-04-03 21:30:56,18.66,36.43,BuildingB_Floor1,TypeB
1050,2025-04-07 16:47:39,20.38,33.7,BuildingA_Floor1,TypeC
1079,2025-04-04 23:02:46,25.0,73.48,BuildingB_Floor2,TypeA
1064,2025-04-08 15:55:52,20.88,32.92,BuildingB_Floor1,TypeB
1035,2025-04-08 05:52:15,32.34,64.56,BuildingB_Floor2,TypeB
1091,2025-04-06 07:47:50,26.56,77.09,BuildingB_Floor1,TypeA
1052,2025-04-05 18:42:48,23.4,61.2,BuildingB_Floor1,TypeB
1035,2025-04-03 23:08:24,21.19,72.81,BuildingA_Floor2,TypeA
1058,2025-04-04 00:00:05,28.04,78.92,BuildingA_Floor2,TypeB
1080,2025-04-05 12:27:41,31.46,41.86,BuildingA_Floor2,TypeA
1096,2025-04-06 14:51:15,32.47,39.65,BuildingA_Floor2,TypeC
1022,2025-04-07 04:48:16,23.66,59.52,BuildingA_Floor2,TypeA
1027,2025-04-07 16:42:44,22.54,33.85,BuildingA_Floor2,TypeB
1064,2025-04-07 23:14:58,24.43,75.21,BuildingB_Floor1,TypeB
1056,2025-04-07 15:22:08,18.45,71.07,BuildingA_Floor1,TypeC
1083,2025-04-05 16:32:39,32.17,65.86,BuildingB_Floor2,TypeC
1094,2025-04-05 06:26:40,21.15,61.29,BuildingA_Floor2,TypeC
1004,2025-04-03 23:11:58,19.54,56.6,BuildingA_Floor1,TypeB
1039,2025-04-08 11:02:40,33.69,46.99,BuildingB_Floor1,TypeB
1001,2025-04-04 07:54:04,18.6,33.89,BuildingA_Floor1,TypeC
1052,2025-04-03 23:50:47,30.74,46.21,BuildingB_Floor2,TypeA
1085,2025-04-06 11:08:58,20.86,73.74,BuildingB_Floor1,TypeA
1071,2025-04-06 22:14:58,34.51,53.81,BuildingB_Floor2,TypeC
1009,2025-04-07 01:56:32,17.34,38.29,BuildingB_Floor2,TypeC
1001,2025-04-07 05:44:39,21.95,64.37,BuildingA_Floor2,TypeB
1021,2025-04-06 01:30:10,31.49,35.96,BuildingA_Floor2,TypeC
1038,2025-04-08 00:22:25,19.84,73.28,BuildingB_Floor2,TypeA
1005,2025-04-04 18:11:32,24.75,74.16,BuildingB_Floor2,TypeC
1029,2025-04-06 14:04:19,27.91,75.37,BuildingB_Floor2,TypeC
1035,2025-04-04 08:46:01,19.11,55.95,BuildingA_Floor1,TypeC
1072,2025-04-04 11:30:18,28.78,51.45,BuildingA_Floor2,TypeB
1095,2025-04-08 10:29:17,15.25,65.33,BuildingB_Floor2,TypeC
1078,2025-04-05 23:27:40,15.38,53.1,BuildingB_Floor1,TypeA
1025,2025-04-07 17:33:24,30.95,73.75,BuildingA_Floor1,TypeB
1032,2025-04-04 17:28:54,20.34,45.2,BuildingA_Floor1,TypeB
1033,2025-04-04 11:48:12,23.36,36.18,BuildingB_Floor1,TypeB
1026,2025-04-06 14:47:51,27.19,44.39,BuildingA_Floor1,TypeC
1019,2025-04-07 09:21:15,23.91,72.27,BuildingA_Floor1,TypeA
1064,2025-04-03 21:28:45,30.92,79.33,BuildingB_Floor1,TypeC
1090,2025-04-07 18:38:01,19.67,47.73,BuildingB_Floor2,TypeB
1056,2025-04-06 17:30:29,17.09,79.6,BuildingB_Floor1,TypeA
1042,2025-04-06 14:37:23,15.57,68.9,BuildingB_Floor1,TypeB
1005,2025-04-07 22:52:47,25.53,56.24,BuildingB_Floor2,TypeB
1016,2025-04-06 00:46:22,20.42,74.76,BuildingA_Floor1,TypeA
1069,2025-04-06 06:50:19,34.81,70.21,BuildingA_Floor1,TypeB
1072,2025-04-05 03:07:14,22.77,46.46,BuildingB_Floor2,TypeA
1020,2025-04-05 15:47:23,33.52,72.59,BuildingA_Floor1,TypeA
1061,2025-04-04 03:34:38,19.75,37.21,BuildingA_Floor2,TypeC
1024,2025-04-04 09:13:12,21.47,76.21,BuildingB_Floor1,TypeB
1039,2025-04-04 15:21:20,34.9,54.39,BuildingA_Floor1,TypeC
1029,2025-04-07 07:49:07,20.74,37.49,BuildingA_Floor1,TypeB
1017,2025-04-03 23:58:27,29.5,68.91,BuildingB_Floor2,TypeA
1094,2025-04-04 01:04:48,26.49,65.91,BuildingA_Floor1,TypeA
1063,2025-04-04 20:48:48,23.89,47.88,BuildingB_Floor1,TypeA
1085,2025-04-03 18:59:36,27.1,37.41,BuildingB_Floor2,TypeC
1099,2025-04-05 19:12:33,27.25,36.09,BuildingA_Floor1,TypeA
1013,2025-04-08 14:50:05,16.59,55.46,BuildingA_Floor2,TypeA
1062,2025-04-08 14:50:32,25.3,38.31,BuildingB_Floor2,TypeB
1030,2025-04-04 19:20:27,31.93,71.62,BuildingB_Floor1,TypeC
1021,2025-04-07 20:16:02,23.31,76.85,BuildingB_Floor2,TypeB
1044,2025-04-07 23:16:06,27.06,51.33,BuildingB_Floor1,TypeB
1023,2025-04-04 10:47:26,32.98,32.62,BuildingA_Floor1,TypeB
1039,2025-04-06 05:34:00,28.8,36.86,BuildingB_Floor1,TypeA
1029,2025-04-04 12:48:21,18.62,70.39,BuildingA_Floor1,TypeC
1002,2025-04-06 01:52:32,19.48,64.1,BuildingA_Floor1,TypeB
1029,2025-04-05 12:45:03,32.84,31.0,BuildingA_Floor2,TypeC
1095,2025-04-08 02:59:26,30.55,79.54,BuildingB_Floor2,TypeC
1045,2025-04-08 03:40:34,24.49,41.23,BuildingA_Floor2,TypeC
1024,2025-04-05 06:43:17,26.28,58.99,BuildingA_Floor1,TypeC
1062,2025-04-06 18:11:57,19.58,62.37,BuildingA_Floor1,TypeC
1050,2025-04-06 06:56:40,28.97,35.01,BuildingA_Floor2,TypeB
1092,2025-04-06 01:49:17,19.03,63.13,BuildingA_Floor2,TypeC
1016,2025-04-06 15:54:30,16.0,40.06,BuildingA_Floor2,TypeA
1096,2025-04-03 22:29:38,33.51,74.75,BuildingA_Floor2,TypeB
1088,2025-04-07 11:22:58,16.19,74.41,BuildingB_Floor2,TypeC
1003,2025-04-03 23:26:49,31.01,36.99,BuildingB_Floor2,TypeC
1079,2025-04-07 20:42:50,27.64,77.27,BuildingA_Floor1,TypeC
1079,2025-04-04 15:02:23,26.93,65.53,BuildingA_Floor1,TypeA
1059,2025-04-03 20:59:18,22.88,48.05,BuildingB_Floor2,TypeC
1006,2025-04-04 23:57:07,15.59,50.55,BuildingA_Floor1,TypeC
1068,2025-04-05 00:43:42,33.85,77.89,BuildingB_Floor2,TypeB
1016,2025-04-08 16:10:08,34.11,57.73,BuildingB_Floor1,TypeB
1043,2025-04-06 16:49:15,28.45,70.78,BuildingA_Floor1,TypeC
1069,2025-04-08 11:38:34,16.22,72.32,BuildingA_Floor1,TypeB
1065,2025-04-06 07:57:42,22.75,53.96,BuildingA_Floor2,TypeB
1100,2025-04-08 15:30:25,22.56,74.11,BuildingA_Floor2,TypeA
1010,2025-04-06 14:35:37,30.09,73.72,BuildingA_Floor1,TypeB
1059,2025-04-03 18:23:45,15.86,72.46,BuildingB_Floor1,TypeB
1008,2025-04-04 21:18:09,26.41,55.99,BuildingB_Floor1,TypeB
1077,2025-04-05 16:42:19,34.85,50.21,BuildingB_Floor1,TypeC
1085,2025-04-05 14:55:28,21.83,47.57,BuildingB_Floor2,TypeA
1025,2025-04-06 09:04:08,29.66,30.59,BuildingB_Floor1,TypeA
1029,2025-04-07 09:17:03,22.52,79.16,BuildingA_Floor1,TypeA
1046,2025-04-04 17:48:14,18.6,73.65,BuildingB_Floor2,TypeB
1023,2025-04-04 08:53:51,20.75,57.24,BuildingB_Floor2,TypeA
1068,2025-04-03 22:43:21,16.59,52.79,BuildingA_Floor1,TypeC
1089,2025-04-04 04:59:39,34.5,60.46,BuildingA_Floor1,TypeA
1080,2025-04-08 10:56:04,24.41,30.42,BuildingA_Floor2,TypeA
1082,2025-04-04 02:23:26,24.98,72.22,BuildingB_Floor1,TypeC
1026,2025-04-04 13:51:43,34.66,79.23,BuildingB_Floor2,TypeC
1071,2025-04-05 14:41:47,33.54,67.98,BuildingA_Floor1,TypeB
1091,2025-04-07 15:51:41,16.02,43.34,BuildingB_Floor2,TypeA
1048,2025-04-04 12:25:01,24.72,33.82,BuildingA_Floor2,TypeA
1055,2025-04-06 18:19:49,15.41,79.93,BuildingA_Floor2,TypeB
1065,2025-04-06 22:46:01,23.0,47.77,BuildingB_Floor1,TypeA
1056,2025-04-04 05:22:17,17.33,34.69,BuildingB_Floor2,TypeC
1040,2025-04-07 04:19:11,25.94,31.26,BuildingA_Floor1,TypeB
1060,2025-04-04 22:01:57,31.23,41.14,BuildingA_Floor1,TypeA
1001,2025-04-04 08:13:15,31.01,66.06,BuildingA_Floor1,TypeC
1051,2025-04-07 05:04:36,34.35,63.31,BuildingB_Floor1,TypeA
1012,2025-04-08 11:05:33,22.21,49.48,BuildingA_Floor1,TypeB
1020,2025-04-03 21:39:32,22.27,58.45,BuildingA_Floor1,TypeC
1092,2025-04-07 09:53:52,21.98,39.58,BuildingB_Floor1,TypeC
1035,2025-04-04 21:48:18,33.66,40.05,BuildingB_Floor2,TypeA
1081,2025-04-05 21:01:41,28.7,78.95,BuildingA_Floor1,TypeC
1013,2025-04-05 10:18:18,20.69,65.32,BuildingB_Floor1,TypeC
1093,2025-04-08 12:56:40,22.73,74.65,BuildingA_Floor2,TypeA
1022,2025-04-07 22:45:35,29.25,50.84,BuildingB_Floor1,TypeC
1013,2025-04-08 02:49:35,31.24,55.22,BuildingA_Floor1,TypeB
1057,2025-04-07 14:00:24,17.77,64.5,BuildingA_Floor1,TypeC
1062,2025-04-04 07:44:34,19.33,53.25,BuildingA_Floor1,TypeB
1037,2025-04-06 07:06:06,23.88,30.34,BuildingA_Floor2,TypeC
1016,2025-04-06 18:29:27,34.33,36.78,BuildingB_Floor2,TypeA
1021,2025-04-05 23:49:02,25.18,66.5,BuildingA_Floor2,TypeB
1048,2025-04-03 19:55:35,22.3,50.26,BuildingA_Floor2,TypeB
1080,2025-04-04 11:26:15,23.55,32.17,BuildingA_Floor1,TypeA
1097,2025-04-08 04:23:04,31.18,31.66,BuildingA_Floor1,TypeA
1073,2025-04-07 19:03:31,28.72,38.18,BuildingB_Floor1,TypeC
1079,2025-04-05 00:26:36,18.06,34.6,BuildingB_Floor1,TypeA
1076,2025-04-06 05:59:43,18.16,72.24,BuildingA_Floor1,TypeA
1045,2025-04-07 01:19:00,15.92,46.19,BuildingA_Floor1,TypeC
1061,2025-04-03 19:20:57,32.34,68.19,BuildingB_Floor1,TypeB
1072,2025-04-05 15:10:41,33.62,42.75,BuildingA_Floor1,TypeC
1071,2025-04-06 18:09:01,18.66,51.55,BuildingB_Floor1,TypeC
1045,2025-04-05 09:30:14,32.71,46.65,BuildingB_Floor2,TypeB
1036,2025-04-05 15:49:43,33.89,43.28,BuildingA_Floor1,TypeB
1097,2025-04-05 22:24:04,30.18,57.87,BuildingB_Floor1,TypeC
1019,2025-04-04 14:10:05,28.25,51.42,BuildingB_Floor2,TypeA
1085,2025-04-06 23:49:19,28.43,47.27,BuildingB_Floor1,TypeC
1020,2025-04-03 18:01:59,21.23,40.43,BuildingB_Floor1,TypeB
1048,2025-04-06 18:32:20,32.0,48.4,BuildingA_Floor1,TypeA
1100,2025-04-07 18:46:13,25.44,40.07,BuildingA_Floor1,TypeA
1060,2025-04-08 12:06:23,28.65,76.73,BuildingB_Floor1,TypeB
1055,2025-04-05 08:36:34,24.55,40.71,BuildingA_Floor2,TypeC
1043,2025-04-07 15:02:49,25.12,62.18,BuildingB_Floor1,TypeB
1071,2025-04-03 22:49:25,18.85,60.01,BuildingB_Floor2,TypeC
1067,2025-04-06 08:25:52,18.78,43.09,BuildingB_Floor1,TypeC
1026,2025-04-04 10:06:49,29.86,63.54,BuildingB_Floor2,TypeB
1059,2025-04-07 23:17:38,16.02,47.54,BuildingA_Floor2,TypeA
1015,2025-04-03 19:40:35,20.1,46.28,BuildingA_Floor1,TypeC
1072,2025-04-05 10:28:34,24.19,45.15,BuildingA_Floor1,TypeB
1024,2025-04-06 13:40:40,24.28,49.16,BuildingB_Floor1,TypeC
1040,2025-04-07 10:26:57,15.92,76.4,BuildingB_Floor2,TypeA
1007,2025-04-05 01:16:00,24.1,73.67,BuildingA_Floor2,TypeC
1087,2025-04-04 11:43:54,30.88,69.36,BuildingA_Floor1,TypeB
1048,2025-04-07 09:11:25,25.11,59.75,BuildingB_Floor1,TypeC
1066,2025-04-04 09:16:47,33.61,44.06,BuildingA_Floor1,TypeC
1063,2025-04-04 09:37:30,24.42,77.42,BuildingB_Floor2,TypeB
1032,2025-04-05 05:26:18,33.21,78.52,BuildingB_Floor2,TypeC
1055,2025-04-07 21:12:53,19.04,48.69,BuildingA_Floor2,TypeC
1012,2025-04-08 00:42:58,16.93,72.87,BuildingA_Floor1,TypeB
1022,2025-04-04 15:52:48,23.28,68.57,BuildingB_Floor1,TypeB
1089,2025-04-04 15:55:34,34.19,41.23,BuildingB_Floor1,TypeA
1037,2025-04-05 15:52:13,23.12,67.16,BuildingA_Floor1,TypeB
1044,2025-04-06 04:09:24,18.18,30.95,BuildingB_Floor2,TypeB
1095,2025-04-04 01:59:19,34.25,69.86,BuildingB_Floor1,TypeC
1081,2025-04-04 21:35:53,16.79,40.88,BuildingB_Floor2,TypeB
1002,2025-04-05 05:00:53,16.1,58.32,BuildingA_Floor1,TypeB
1003,2025-04-06 03:15:42,24.12,77.11,BuildingA_Floor2,TypeC
1098,2025-04-08 04:19:01,15.56,39.21,BuildingB_Floor2,TypeA
1034,2025-04-04 06:14:38,18.01,55.89,BuildingA_Floor2,TypeB
1011,2025-04-03 18:18:19,19.73,31.56,BuildingB_Floor1,TypeB
1021,2025-04-04 16:17:31,33.27,66.5,BuildingA_Floor1,TypeC
1052,2025-04-07 21:19:18,24.22,45.28,BuildingA_Floor2,TypeB
1025,2025-04-07 06:50:49,20.9,68.41,BuildingB_Floor1,TypeC
1022,2025-04-05 05:53:53,18.2,48.41,BuildingB_Floor1,TypeA
1030,2025-04-05 10:13:01,34.02,67.95,BuildingA_Floor2,TypeB
1008,2025-04-03 19:40:02,33.12,34.09,BuildingB_Floor2,TypeC
1021,2025-04-05 01:55:27,16.4,41.66,BuildingB_Floor2,TypeB
1068,2025-04-05 03:35:41,28.89,44.92,BuildingA_Floor1,TypeA
1086,2025-04-05 08:02:21,18.57,48.2,BuildingA_Floor2,TypeB
1073,2025-04-04 18:17:44,33.91,48.68,BuildingA_Floor2,TypeA
1073,2025-04-05 20:16:11,18.66,62.02,BuildingB_Floor2,TypeA
1079,2025-04-04 14:22:04,26.53,55.11,BuildingA_Floor2,TypeB
1048,2025-04-07 09:20:11,21.89,75.65,BuildingB_Floor2,TypeA
1024,2025-04-06 11:12:45,27.93,42.86,BuildingB_Floor1,TypeA
1028,2025-04-07 14:39:22,32.7,43.99,BuildingB_Floor2,TypeA
1054,2025-04-06 09:41:07,31.23,57.13,BuildingB_Floor1,TypeB
1003,2025-04-08 02:50:50,32.89,76.25,BuildingB_Floor2,TypeC
1081,2025-04-03 23:39:17,16.07,79.25,BuildingB_Floor1,TypeC
1007,2025-04-04 14:14:01,33.32,70.27,BuildingA_Floor1,TypeC
1086,2025-04-08 09:06:00,15.18,41.62,BuildingB_Floor1,TypeC
1076,2025-04-06 00:42:06,29.94,51.03,BuildingB_Floor2,TypeA
1019,2025-04-05 23:21:32,32.91,74.15,BuildingB_Floor2,TypeC
1082,2025-04-08 01:27:31,19.32,57.05,BuildingA_Floor1,TypeA
1033,2025-04-05 19:41:30,25.61,69.21,BuildingA_Floor1,TypeA
1004,2025-04-05 19:08:31,22.73,55.42,BuildingB_Floor2,TypeC
1056,2025-04-05 17:27:37,16.29,54.86,BuildingA_Floor2,TypeC
1005,2025-04-05 10:54:13,24.84,39.42,BuildingB_Floor1,TypeC
1008,2025-04-04 01:12:51,27.74,40.24,BuildingA_Floor1,TypeC
1051,2025-04-08 05:20:06,16.3,76.09,BuildingA_Floor1,TypeB
1039,2025-04-05 02:03:42,22.36,31.33,BuildingB_Floor2,TypeA
1078,2025-04-07 02:26:40,16.21,61.73,BuildingA_Floor2,TypeB
1007,2025-04-04 08:36:59,15.99,56.08,BuildingB_Floor2,TypeB
1031,2025-04-06 12:21:35,17.7,39.05,BuildingB_Floor1,TypeB
1068,2025-04-06 10:49:10,24.35,75.18,BuildingB_Floor1,TypeB
1070,2025-04-06 02:08:23,29.87,52.39,BuildingA_Floor1,TypeA
1068,2025-04-05 14:46:10,21.9,36.44,BuildingB_Floor2,TypeA
1081,2025-04-03 20:27:23,29.67,79.6,BuildingB_Floor1,TypeA
1067,2025-04-06 20:37:47,26.59,79.18,BuildingB_Floor1,TypeA
1086,2025-04-03 17:12:54,15.75,76.04,BuildingB_Floor2,TypeB
1034,2025-04-08 03:27:16,34.76,64.17,BuildingB_Floor2,TypeA
1058,2025-04-08 04:24:08,27.23,60.29,BuildingA_Floor2,TypeB
1082,2025-04-06 04:44:58,18.71,60.33,BuildingB_Floor1,TypeB
1089,2025-04-05 12:01:55,17.0,67.63,BuildingB_Floor2,TypeA
1071,2025-04-05 04:45:35,18.19,73.51,BuildingB_Floor1,TypeC
1040,2025-04-06 16:35:09,31.33,65.58,BuildingB_Floor2,TypeC
1023,2025-04-06 12:34:23,25.91,31.04,BuildingA_Floor1,TypeC
1007,2025-04-06 18:45:23,29.19,35.45,BuildingA_Floor2,TypeC
1033,2025-04-07 14:30:36,26.88,54.14,BuildingB_Floor2,TypeA
1042,2025-04-08 04:20:02,15.31,73.1,BuildingB_Floor2,TypeC
1048,2025-04-07 15:26:56,26.96,69.78,BuildingA_Floor2,TypeB
1083,2025-04-07 02:20:50,19.39,35.07,BuildingA_Floor2,TypeB
1011,2025-04-05 09:14:06,17.78,66.8,BuildingA_Floor2,TypeB
1054,2025-04-05 05:43:51,23.68,32.23,BuildingA_Floor2,TypeA
1049,2025-04-04 17:15:13,27.17,49.35,BuildingB_Floor1,TypeB
1075,2025-04-07 23:22:47,30.7,69.03,BuildingA_Floor1,TypeC
1096,2025-04-03 18:50:27,15.98,69.97,BuildingB_Floor1,TypeC
1006,2025-04-04 16:18:17,27.4,37.29,BuildingA_Floor2,TypeC
1082,2025-04-04 11:31:23,20.26,48.22,BuildingB_Floor1,TypeC
1075,2025-04-05 01:00:53,19.78,35.28,BuildingB_Floor1,TypeB
1037,2025-04-04 10:56:06,28.4,49.42,BuildingA_Floor1,TypeC
1038,2025-04-04 21:31:35,32.52,62.58,BuildingA_Floor2,TypeC
1088,2025-04-05 01:08:12,29.7,69.71,BuildingB_Floor2,TypeC
1037,2025-04-08 15:45:39,18.64,50.58,BuildingB_Floor2,TypeC
1099,2025-04-08 10:01:03,30.48,68.35,BuildingB_Floor1,TypeA
1010,2025-04-07 22:41:33,16.09,30.24,BuildingA_Floor2,TypeC
1046,2025-04-06 02:33:32,22.55,37.88,BuildingB_Floor2,TypeC
1001,2025-04-06 00:31:05,19.78,46.93,BuildingB_Floor2,TypeA
1031,2025-04-05 20:47:06,29.81,48.88,BuildingB_Floor2,TypeC
1085,2025-04-07 07:46:37,21.24,55.12,BuildingB_Floor2,TypeB
1008,2025-04-07 13:45:12,16.11,42.94,BuildingA_Floor2,TypeC
1092,2025-04-05 05:56:26,28.07,61.06,BuildingB_Floor2,TypeB
1076,2025-04-07 22:36:57,28.38,43.44,BuildingB_Floor2,TypeC
1011,2025-04-08 00:07:40,19.91,61.36,BuildingA_Floor1,TypeA
1015,2025-04-05 13:15:47,30.25,68.42,BuildingA_Floor2,TypeA
1065,2025-04-07 06:23:22,33.0,41.0,BuildingA_Floor2,TypeC
1032,2025-04-07 16:15:52,29.4,40.49,BuildingB_Floor2,TypeB
1091,2025-04-07 11:50:50,15.96,79.03,BuildingB_Floor1,TypeA
1040,2025-04-08 14:39:21,23.38,73.75,BuildingB_Floor2,TypeA
1040,2025-04-07 04:10:29,21.25,35.64,BuildingA_Floor2,TypeA
1078,2025-04-08 15:03:35,16.63,76.11,BuildingA_Floor1,TypeB
1033,2025-04-04 08:35:57,17.44,65.62,BuildingA_Floor1,TypeB
1025,2025-04-05 23:28:12,29.28,79.85,BuildingA_Floor2,TypeA
1064,2025-04-07 21:02:08,16.34,40.47,BuildingB_Floor1,TypeC
1040,2025-04-05 06:50:54,26.44,78.87,BuildingA_Floor1,TypeA
1005,2025-04-04 14:27:52,15.89,32.02,BuildingA_Floor1,TypeB
1100,2025-04-08 06:18:29,28.74,44.28,BuildingB_Floor1,TypeC
1073,2025-04-05 09:02:18,16.5,53.45,BuildingB_Floor1,TypeA
1062,2025-04-07 19:00:23,29.18,71.21,BuildingA_Floor2,TypeB
1038,2025-04-06 12:48:54,32.89,76.69,BuildingA_Floor1,TypeB
1005,2025-04-08 11:10:30,29.65,60.91,BuildingB_Floor2,TypeB
1062,2025-04-04 23:12:38,25.15,48.79,BuildingB_Floor1,TypeC
1092,2025-04-08 15:21:03,29.19,31.72,BuildingB_Floor1,TypeB
1021,2025-04-06 15:17:21,33.23,42.55,BuildingB_Floor2,TypeC
1014,2025-04-05 16:01:56,22.6,50.07,BuildingA_Floor1,TypeC
1006,2025-04-03 22:25:46,29.35,39.89,BuildingA_Floor1,TypeB
1000,2025-04-06 11:39:15,33.7,49.35,BuildingB_Floor1,TypeC
1027,2025-04-04 21:28:46,34.04,66.08,BuildingA_Floor2,TypeA
1081,2025-04-07 10:33:03,22.91,75.08,BuildingA_Floor2,TypeB
1077,2025-04-08 06:56:47,30.17,60.72,BuildingA_Floor2,TypeC
1019,2025-04-05 08:15:19,19.24,66.67,BuildingA_Floor1,TypeA
1053,2025-04-05 15:21:22,29.32,55.19,BuildingA_Floor1,TypeA
1056,2025-04-07 22:00:37,20.29,58.43,BuildingB_Floor2,TypeA
1015,2025-04-05 06:03:07,26.79,79.65,BuildingB_Floor1,TypeB
1005,2025-04-07 00:21:30,19.8,77.17,BuildingA_Floor2,TypeC
1025,2025-04-07 09:08:02,25.81,42.81,BuildingB_Floor2,TypeB
1029,2025-04-06 07:56:14,31.95,37.42,BuildingB_Floor1,TypeC
1049,2025-04-07 10:38:55,28.77,52.17,BuildingB_Floor1,TypeA
1083,2025-04-06 07:38:08,33.72,33.76,BuildingB_Floor1,TypeB
1011,2025-04-04 04:23:06,32.94,42.38,BuildingA_Floor2,TypeC
1094,2025-04-06 21:57:56,22.09,65.5,BuildingB_Floor2,TypeA
1085,2025-04-05 12:16:54,16.46,50.93,BuildingA_Floor2,TypeA
1090,2025-04-08 14:17:31,26.94,42.89,BuildingB_Floor2,TypeC
1093,2025-04-03 23:41:39,17.3,31.11,BuildingB_Floor2,TypeB
1009,2025-04-04 13:29:24,27.89,69.71,BuildingB_Floor2,TypeB
1002,2025-04-05 14:25:31,23.13,64.98,BuildingB_Floor2,TypeA
1037,2025-04-08 08:29:10,32.14,68.68,BuildingB_Floor1,TypeC
1055,2025-04-05 05:59:19,16.21,51.62,BuildingB_Floor1,TypeC
1065,2025-04-06 13:29:17,20.86,75.02,BuildingA_Floor1,TypeC
1071,2025-04-04 14:43:53,18.12,44.14,BuildingB_Floor2,TypeC
1006,2025-04-05 15:47:32,19.52,37.68,BuildingB_Floor1,TypeB
1018,2025-04-08 01:41:53,26.3,37.44,BuildingA_Floor2,TypeA
1005,2025-04-07 18:07:03,16.59,55.9,BuildingA_Floor1,TypeA
1053,2025-04-06 17:49:20,30.39,78.42,BuildingB_Floor1,TypeA
1084,2025-04-07 13:52:43,28.32,54.27,BuildingB_Floor2,TypeB
1057,2025-04-07 02:25:16,19.49,71.97,BuildingA_Floor1,TypeB
1058,2025-04-06 13:05:25,29.04,45.63,BuildingB_Floor1,TypeC
1022,2025-04-08 02:00:06,28.51,48.45,BuildingA_Floor1,TypeC
1001,2025-04-05 02:40:15,19.89,73.84,BuildingA_Floor2,TypeA
1093,2025-04-07 15:42:41,15.96,36.61,BuildingB_Floor2,TypeC
1024,2025-04-04 19:49:49,27.45,34.5,BuildingA_Floor2,TypeA
1024,2025-04-04 09:02:34,31.58,75.38,BuildingA_Floor1,TypeB
1071,2025-04-08 09:15:40,29.89,43.66,BuildingA_Floor1,TypeB
1016,2025-04-06 16:50:13,18.76,51.64,BuildingA_Floor1,TypeA
1018,2025-04-07 09:36:43,32.04,38.04,BuildingB_Floor2,TypeC
1016,2025-04-05 01:38:19,22.86,45.08,BuildingA_Floor1,TypeA
1022,2025-04-05 14:18:34,32.57,38.48,BuildingB_Floor1,TypeA
1061,2025-04-04 01:26:56,21.36,36.74,BuildingB_Floor1,TypeC
1063,2025-04-07 02:32:14,34.69,77.73,BuildingB_Floor1,TypeC
1057,2025-04-07 11:39:46,26.91,45.75,BuildingB_Floor2,TypeC
1045,2025-04-04 21:18:28,31.21,61.9,BuildingB_Floor1,TypeA
1095,2025-04-07 06:28:29,34.22,73.58,BuildingA_Floor1,TypeC
1082,2025-04-06 20:06:26,21.15,73.43,BuildingA_Floor1,TypeB
1065,2025-04-05 19:03:22,18.36,40.75,BuildingB_Floor2,TypeA
1024,2025-04-08 05:30:44,16.15,78.79,BuildingB_Floor1,TypeA
1044,2025-04-04 15:34:08,29.15,49.74,BuildingA_Floor2,TypeB
1010,2025-04-04 10:31:22,17.83,34.97,BuildingA_Floor2,TypeB
1017,2025-04-03 18:13:03,32.84,36.48,BuildingB_Floor1,TypeC
1018,2025-04-05 10:01:32,21.52,31.09,BuildingB_Floor1,TypeB
1046,2025-04-04 06:44:13,21.11,59.91,BuildingA_Floor1,TypeB
1031,2025-04-03 18:53:19,30.18,64.26,BuildingA_Floor2,TypeA
1012,2025-04-04 03:38:21,25.5,49.71,BuildingA_Floor2,TypeC
1054,2025-04-05 05:56:07,19.56,56.11,BuildingA_Floor1,TypeA
1037,2025-04-03 17:42:07,28.71,39.67,BuildingA_Floor2,TypeC
1098,2025-04-06 23:05:53,16.02,66.92,BuildingA_Floor2,TypeB
1009,2025-04-06 17:03:15,33.91,37.64,BuildingA_Floor2,TypeC
1076,2025-04-06 09:41:16,16.84,69.46,BuildingA_Floor1,TypeB
1042,2025-04-06 20:55:35,24.9,68.68,BuildingB_Floor1,TypeA
1030,2025-04-05 16:08:47,32.52,65.89,BuildingA_Floor2,TypeB
1063,2025-04-05 10:46:44,15.13,33.02,BuildingB_Floor2,TypeB
1005,2025-04-05 17:01:52,28.42,51.02,BuildingB_Floor1,TypeA
1080,2025-04-03 20:05:07,22.27,36.78,BuildingB_Floor2,TypeC
1086,2025-04-05 11:44:16,31.65,74.48,BuildingA_Floor2,TypeB
1086,2025-04-05 09:25:20,21.56,47.75,BuildingA_Floor1,TypeC
1078,2025-04-04 23:31:41,16.96,32.75,BuildingB_Floor2,TypeB
1094,2025-04-08 04:58:26,33.99,62.06,BuildingA_Floor2,TypeA
1029,2025-04-05 14:43:10,34.41,59.05,BuildingA_Floor1,TypeB
1073,2025-04-05 07:02:35,29.83,71.17,BuildingA_Floor2,TypeC
1079,2025-04-07 21:19:38,25.61,58.83,BuildingB_Floor2,TypeB
1069,2025-04-03 21:39:47,30.89,62.01,BuildingB_Floor2,TypeC
1099,2025-04-08 02:54:36,30.03,48.05,BuildingA_Floor1,TypeC
1089,2025-04-04 20:34:32,23.8,33.81,BuildingA_Floor2,TypeC
1069,2025-04-06 19:56:26,28.84,66.5,BuildingA_Floor1,TypeA
1070,2025-04-07 00:49:33,18.6,37.31,BuildingB_Floor2,TypeA
1034,2025-04-08 08:39:37,16.0,49.41,BuildingA_Floor1,TypeB
1042,2025-04-06 17:51:53,27.77,77.14,BuildingA_Floor1,TypeA
1063,2025-04-07 09:52:11,22.36,41.7,BuildingA_Floor2,TypeA
1053,2025-04-08 00:34:43,17.54,34.9,BuildingB_Floor2,TypeC
1098,2025-04-08 01:44:11,25.58,48.54,BuildingB_Floor1,TypeB
1031,2025-04-08 01:50:01,33.13,54.31,BuildingB_Floor1,TypeC
1095,2025-04-04 13:21:49,32.4,72.56,BuildingA_Floor1,TypeA
1007,2025-04-08 08:45:15,31.35,63.48,BuildingB_Floor2,TypeC
1041,2025-04-04 14:31:23,15.27,47.57,BuildingB_Floor2,TypeB
1082,2025-04-06 07:45:36,30.03,39.29,BuildingA_Floor2,TypeC
1013,2025-04-06 07:16:40,18.86,46.15,BuildingB_Floor1,TypeB
1086,2025-04-03 18:23:33,26.56,65.21,BuildingA_Floor1,TypeC
1001,2025-04-05 15:36:30,27.81,63.37,BuildingB_Floor2,TypeA
1052,2025-04-07 20:46:59,31.85,71.37,BuildingB_Floor2,TypeA
1037,2025-04-08 06:36:57,33.53,60.41,BuildingB_Floor1,TypeC
1094,2025-04-04 20:10:07,16.66,59.87,BuildingA_Floor1,TypeC
1092,2025-04-06 17:07:57,27.11,56.59,BuildingB_Floor2,TypeA
1024,2025-04-07 17:03:14,32.94,74.63,BuildingB_Floor1,TypeB
1021,2025-04-04 09:37:22,23.66,58.2,BuildingA_Floor1,TypeC
1017,2025-04-05 01:24:35,33.84,41.37,BuildingB_Floor2,TypeC
1039,2025-04-07 20:57:42,28.38,32.91,BuildingB_Floor2,TypeC
1004,2025-04-04 19:50:28,33.36,53.83,BuildingA_Floor1,TypeC
1066,2025-04-05 03:49:06,21.32,56.59,BuildingA_Floor1,TypeC
1075,2025-04-07 03:56:19,20.62,48.65,BuildingA_Floor2,TypeC
1012,2025-04-08 15:39:56,26.48,34.27,BuildingB_Floor1,TypeB
1095,2025-04-03 17:48:27,20.25,71.59,BuildingB_Floor2,TypeC
1012,2025-04-08 09:10:36,28.13,62.07,BuildingA_Floor2,TypeA
1041,2025-04-05 14:05:08,31.74,63.06,BuildingB_Floor1,TypeA
1003,2025-04-06 12:18:53,23.34,77.55,BuildingB_Floor1,TypeA
1079,2025-04-05 16:19:42,28.55,47.81,BuildingA_Floor1,TypeB
1097,2025-04-05 09:53:45,24.53,31.57,BuildingB_Floor1,TypeA
1038,2025-04-08 11:39:08,26.7,61.64,BuildingB_Floor1,TypeA
1075,2025-04-07 02:02:14,21.62,77.6,BuildingB_Floor1,TypeA
1025,2025-04-06 21:51:49,18.42,42.51,BuildingA_Floor1,TypeA
1054,2025-04-04 22:08:21,28.0,68.38,BuildingB_Floor1,TypeA
1014,2025-04-08 10:01:32,15.15,52.19,BuildingB_Floor2,TypeA
1086,2025-04-04 11:55:44,20.62,44.45,BuildingA_Floor1,TypeC
1058,2025-04-07 12:09:54,16.83,52.02,BuildingA_Floor1,TypeC
1004,2025-04-07 01:45:11,25.87,52.06,BuildingB_Floor1,TypeA
1053,2025-04-08 09:30:26,23.43,39.72,BuildingB_Floor1,TypeB
1094,2025-04-05 19:46:49,29.76,73.25,BuildingA_Floor1,TypeA
1045,2025-04-06 21:59:45,34.46,43.51,BuildingB_Floor2,TypeC
1058,2025-04-05 12:02:22,19.4,70.23,BuildingB_Floor1,TypeB
1055,2025-04-06 01:30:38,23.41,52.4,BuildingB_Floor2,TypeC
1027,2025-04-08 00:10:36,26.55,77.9,BuildingA_Floor2,TypeB
1052,2025-04-06 15:00:15,31.17,35.12,BuildingB_Floor2,TypeC
1052,2025-04-07 21:11:37,31.3,37.41,BuildingA_Floor2,TypeC
1062,2025-04-05 09:07:46,20.13,40.07,BuildingA_Floor2,TypeA
1059,2025-04-05 22:44:43,31.16,47.2,BuildingB_Floor1,TypeC
1085,2025-04-05 17:52:07,15.86,66.26,BuildingA_Floor2,TypeC
1006,2025-04-06 00:36:54,24.84,78.54,BuildingB_Floor2,TypeA
1096,2025-04-08 03:46:51,33.96,76.14,BuildingB_Floor1,TypeC
1007,2025-04-05 17:09:32,24.6,40.15,BuildingA_Floor1,TypeB
1049,2025-04-05 16:37:42,17.76,57.52,BuildingA_Floor2,TypeB
1019,2025-04-07 20:57:07,18.25,61.62,BuildingA_Floor2,TypeC
1012,2025-04-05 07:08:52,17.6,58.65,BuildingB_Floor2,TypeA
1098,2025-04-07 01:42:19,33.29,69.88,BuildingA_Floor2,TypeB
1075,2025-04-07 11:51:04,26.55,42.58,BuildingA_Floor1,TypeC
1061,2025-04-08 08:35:06,22.62,47.13,BuildingB_Floor2,TypeB
1058,2025-04-05 00:34:43,31.65,45.98,BuildingA_Floor2,TypeB
1066,2025-04-07 03:02:27,26.68,66.53,BuildingB_Floor2,TypeA
1071,2025-04-06 07:36:03,16.72,47.69,BuildingA_Floor1,TypeA
1098,2025-04-06 17:31:26,31.92,38.99,BuildingB_Floor1,TypeB
1098,2025-04-04 04:10:23,25.9,62.14,BuildingB_Floor1,TypeB
1021,2025-04-03 21:35:36,30.9,37.41,BuildingA_Floor2,TypeB
1086,2025-04-04 19:05:35,33.79,53.6,BuildingB_Floor2,TypeC
1082,2025-04-03 17:51:44,31.67,55.37,BuildingB_Floor1,TypeB
1041,2025-04-04 21:30:00,22.94,60.73,BuildingA_Floor2,TypeA
1016,2025-04-03 18:26:39,27.46,58.77,BuildingA_Floor2,TypeA
1034,2025-04-07 21:09:10,27.91,77.78,BuildingA_Floor1,TypeC
1059,2025-04-06 10:55:45,21.17,39.3,BuildingB_Floor1,TypeA
1071,2025-04-06 12:52:39,26.88,36.46,BuildingB_Floor1,TypeB
1075,2025-04-06 00:34:41,18.44,43.46,BuildingB_Floor2,TypeC
1003,2025-04-06 00:03:12,33.55,58.67,BuildingB_Floor1,TypeA
1081,2025-04-08 00:29:13,32.91,69.8,BuildingB_Floor2,TypeC
1017,2025-04-08 11:53:50,23.55,76.43,BuildingA_Floor1,TypeA
1089,2025-04-04 13:04:07,22.38,59.81,BuildingB_Floor1,TypeA
1021,2025-04-04 10:04:40,34.35,31.59,BuildingA_Floor2,TypeC
1040,2025-04-04 07:02:06,33.67,75.75,BuildingB_Floor2,TypeC
1014,2025-04-07 15:35:41,31.09,70.63,BuildingA_Floor2,TypeA
1033,2025-04-08 12:36:19,28.94,51.27,BuildingB_Floor2,TypeC
1026,2025-04-08 09:52:13,29.48,76.85,BuildingB_Floor2,TypeB
1080,2025-04-06 13:34:21,28.74,78.33,BuildingA_Floor2,TypeB
1074,2025-04-05 19:38:28,29.75,72.83,BuildingA_Floor2,TypeB
1083,2025-04-07 23:17:31,17.13,30.91,BuildingA_Floor2,TypeA
1100,2025-04-05 11:22:36,33.56,67.02,BuildingB_Floor2,TypeB
1060,2025-04-06 10:35:07,26.89,70.84,BuildingA_Floor1,TypeA
1022,2025-04-06 20:05:22,15.74,51.53,BuildingB_Floor2,TypeA
1008,2025-04-04 00:45:23,23.43,55.3,BuildingA_Floor1,TypeA
1069,2025-04-08 16:01:12,25.85,45.62,BuildingB_Floor2,TypeC
1074,2025-04-05 09:58:00,17.89,33.16,BuildingA_Floor1,TypeB
1030,2025-04-07 09:46:37,16.18,49.94,BuildingB_Floor2,TypeB
1057,2025-04-04 12:18:49,31.83,74.55,BuildingB_Floor1,TypeB
1053,2025-04-06 15:56:56,30.89,70.06,BuildingB_Floor2,TypeC
1074,2025-04-06 00:31:23,16.51,79.15,BuildingA_Floor1,TypeB
1061,2025-04-04 10:45:21,21.62,66.95,BuildingA_Floor2,TypeB
1016,2025-04-06 12:43:25,28.73,61.68,BuildingA_Floor1,TypeA
1074,2025-04-05 01:31:12,19.0,48.45,BuildingA_Floor1,TypeA
1054,2025-04-06 23:43:36,33.12,34.51,BuildingA_Floor1,TypeB
1052,2025-04-06 16:05:14,24.77,38.53,BuildingB_Floor1,TypeC
1086,2025-04-05 07:33:46,30.03,60.59,BuildingB_Floor2,TypeC
1096,2025-04-03 23:08:55,19.79,69.48,BuildingB_Floor2,TypeB
1084,2025-04-08 06:57:21,18.87,79.89,BuildingB_Floor2,TypeB
1098,2025-04-05 15:01:19,33.82,52.73,BuildingB_Floor1,TypeA
1045,2025-04-06 21:16:54,23.18,74.68,BuildingB_Floor2,TypeA
1024,2025-04-06 20:57:45,22.16,59.79,BuildingB_Floor2,TypeC
1024,2025-04-08 16:13:47,29.2,34.42,BuildingA_Floor1,TypeA
1031,2025-04-04 23:23:07,34.85,60.05,BuildingA_Floor2,TypeC
1067,2025-04-04 23:25:32,22.34,30.67,BuildingB_Floor2,TypeC
1092,2025-04-04 08:01:21,33.17,66.04,BuildingB_Floor1,TypeA
1001,2025-04-07 06:55:37,17.57,53.72,BuildingA_Floor1,TypeB
1082,2025-04-07 22:41:04,23.31,55.18,BuildingB_Floor2,TypeA
1079,2025-04-04 20:01:39,33.95,78.28,BuildingB_Floor1,TypeA
1049,2025-04-07 19:14:22,15.94,53.71,BuildingB_Floor1,TypeC
1034,2025-04-06 17:25:02,17.42,57.21,BuildingA_Floor2,TypeB
1066,2025-04-04 17:17:25,29.34,73.5,BuildingA_Floor1,TypeA
1072,2025-04-04 03:28:36,32.74,78.39,BuildingB_Floor1,TypeA
1025,2025-04-05 10:33:05,31.23,57.84,BuildingB_Floor1,TypeB
1048,2025-04-04 06:20:03,22.07,49.7,BuildingA_Floor1,TypeB
1014,2025-04-06 18:42:08,25.85,48.73,BuildingA_Floor1,TypeA
1074,2025-04-04 02:00:20,32.46,44.6,BuildingA_Floor2,TypeA
1040,2025-04-06 23:55:57,19.65,32.31,BuildingA_Floor2,TypeB
1040,2025-04-06 21:17:58,34.76,52.05,BuildingA_Floor2,TypeA
1018,2025-04-07 18:26:32,32.18,52.38,BuildingB_Floor1,TypeC
1002,2025-04-08 08:07:33,27.27,32.22,BuildingA_Floor1,TypeC
1048,2025-04-05 21:08:21,31.01,34.05,BuildingB_Floor2,TypeC
1063,2025-04-05 00:35:13,29.43,44.4,BuildingB_Floor1,TypeA
1048,2025-04-04 02:30:12,17.79,30.95,BuildingA_Floor1,TypeA
1036,2025-04-05 08:49:29,23.97,45.88,BuildingB_Floor2,TypeC
1081,2025-04-07 03:33:11,24.23,47.38,BuildingA_Floor2,TypeC
1094,2025-04-07 11:57:59,29.35,47.59,BuildingB_Floor1,TypeB
1069,2025-04-03 23:47:39,29.68,77.8,BuildingA_Floor2,TypeB
1062,2025-04-03 23:45:13,25.39,68.0,BuildingB_Floor2,TypeC
1001,2025-04-06 23:44:28,26.71,54.01,BuildingA_Floor1,TypeB
1093,2025-04-08 01:43:49,24.57,54.21,BuildingB_Floor2,TypeB
1098,2025-04-07 07:23:57,20.54,34.36,BuildingB_Floor1,TypeA
1037,2025-04-07 22:33:33,33.23,34.34,BuildingA_Floor1,TypeA
1022,2025-04-06 02:34:18,17.48,58.67,BuildingA_Floor2,TypeC
1008,2025-04-06 02:35:47,24.5,32.84,BuildingA_Floor2,TypeB
1055,2025-04-05 17:16:52,26.49,49.52,BuildingA_Floor2,TypeC
1036,2025-04-05 04:57:37,25.77,74.35,BuildingA_Floor2,TypeA
1050,2025-04-08 09:52:03,31.11,75.69,BuildingB_Floor2,TypeB
1016,2025-04-05 03:21:36,24.02,77.98,BuildingB_Floor2,TypeA
1006,2025-04-06 05:15:56,25.24,35.94,BuildingA_Floor1,TypeC
1012,2025-04-06 15:30:50,23.72,45.21,BuildingB_Floor1,TypeB
1018,2025-04-08 01:38:21,29.12,49.22,BuildingA_Floor2,TypeB
1069,2025-04-07 12:49:40,27.91,70.32,BuildingA_Floor2,TypeB
1065,2025-04-05 06:36:21,20.43,52.03,BuildingA_Floor1,TypeC
1067,2025-04-08 16:42:52,27.88,79.29,BuildingB_Floor2,TypeB
1082,2025-04-05 22:55:24,16.04,44.46,BuildingA_Floor2,TypeB
1001,2025-04-05 15:05:11,34.21,51.49,BuildingB_Floor2,TypeB
1061,2025-04-04 21:59:13,25.4,34.83,BuildingB_Floor1,TypeA
1065,2025-04-05 17:53:24,22.86,62.86,BuildingA_Floor2,TypeB
1016,2025-04-07 01:32:11,26.02,37.91,BuildingA_Floor2,TypeC
1084,2025-04-07 15:02:21,16.62,73.56,BuildingA_Floor1,TypeB
1059,2025-04-04 19:15:38,18.82,43.68,BuildingA_Floor1,TypeB
1079,2025-04-07 06:44:11,33.12,31.54,BuildingA_Floor1,TypeA
1003,2025-04-06 20:23:01,28.47,68.18,BuildingB_Floor2,TypeA
1089,2025-04-06 05:34:46,25.61,77.34,BuildingA_Floor2,TypeC
1009,2025-04-04 08:33:18,25.46,72.55,BuildingA_Floor1,TypeA
1028,2025-04-04 04:13:56,18.92,36.02,BuildingA_Floor1,TypeB
1096,2025-04-03 21:50:08,15.83,50.17,BuildingB_Floor2,TypeA
1050,2025-04-05 14:18:31,16.32,43.25,BuildingA_Floor2,TypeC
1099,2025-04-05 12:50:22,17.49,43.77,BuildingB_Floor1,TypeC
1040,2025-04-05 17:30:35,16.68,58.08,BuildingB_Floor1,TypeA
1095,2025-04-06 17:58:17,34.24,52.1,BuildingA_Floor2,TypeA
1058,2025-04-07 01:32:44,21.13,38.01,BuildingB_Floor1,TypeB
1032,2025-04-06 22:00:18,33.01,47.56,BuildingB_Floor1,TypeB
1086,2025-04-03 23:53:57,26.87,35.28,BuildingA_Floor1,TypeA
1027,2025-04-03 23:51:55,28.81,47.57,BuildingB_Floor2,TypeA
1026,2025-04-04 23:32:12,20.79,51.08,BuildingA_Floor2,TypeB
1017,2025-04-07 23:52:32,17.43,35.82,BuildingB_Floor1,TypeB
1020,2025-04-06 07:47:11,22.32,69.5,BuildingB_Floor1,TypeB
1010,2025-04-06 05:22:58,30.57,36.5,BuildingA_Floor2,TypeC
1074,2025-04-06 17:49:22,33.93,61.67,BuildingA_Floor2,TypeC
1050,2025-04-04 08:05:02,26.45,67.41,BuildingA_Floor2,TypeA
1008,2025-04-05 11:24:00,22.06,38.8,BuildingA_Floor1,TypeC
1030,2025-04-08 15:47:30,29.38,36.24,BuildingB_Floor1,TypeC
1077,2025-04-05 05:07:45,29.05,71.0,BuildingA_Floor2,TypeA
1053,2025-04-08 05:38:44,16.2,39.98,BuildingB_Floor1,TypeB
1053,2025-04-06 21:58:29,30.32,60.01,BuildingA_Floor1,TypeB
1028,2025-04-05 08:27:18,25.87,74.67,BuildingA_Floor1,TypeA
1033,2025-04-08 03:57:33,15.66,69.77,BuildingA_Floor2,TypeA
1086,2025-04-04 15:02:04,31.37,70.61,BuildingA_Floor1,TypeA
1007,2025-04-05 23:11:11,33.85,47.55,BuildingB_Floor1,TypeA
1024,2025-04-07 06:01:30,18.86,58.85,BuildingB_Floor1,TypeC
1042,2025-04-06 13:36:23,25.34,67.45,BuildingA_Floor1,TypeA
1095,2025-04-07 09:40:55,30.15,48.46,BuildingA_Floor1,TypeC
1067,2025-04-07 10:40:56,33.14,38.65,BuildingA_Floor1,TypeB
1088,2025-04-07 11:58:42,34.0,64.06,BuildingA_Floor2,TypeC
1008,2025-04-07 21:45:36,21.52,44.11,BuildingA_Floor1,TypeC
1011,2025-04-08 11:48:52,24.61,59.77,BuildingB_Floor1,TypeB
1067,2025-04-05 05:39:12,25.61,41.09,BuildingB_Floor2,TypeA
1093,2025-04-05 06:44:39,33.4,30.71,BuildingA_Floor2,TypeB
1009,2025-04-06 23:59:24,33.93,60.81,BuildingB_Floor1,TypeA
1029,2025-04-07 12:31:39,34.06,43.57,BuildingA_Floor1,TypeA
1078,2025-04-05 11:44:41,30.17,70.03,BuildingA_Floor1,TypeC
1047,2025-04-07 14:08:00,29.52,41.17,BuildingA_Floor1,TypeA
1055,2025-04-04 01:37:18,16.54,54.81,BuildingA_Floor1,TypeB
1052,2025-04-06 09:00:39,33.74,76.14,BuildingA_Floor1,TypeA
1043,2025-04-07 12:27:21,28.38,30.84,BuildingA_Floor1,TypeB
1078,2025-04-05 12:33:34,19.7,37.02,BuildingA_Floor2,TypeB
1023,2025-04-06 18:32:50,17.3,74.93,BuildingB_Floor1,TypeA
1094,2025-04-06 05:10:44,27.29,41.23,BuildingA_Floor2,TypeB
1081,2025-04-05 05:30:29,33.62,38.86,BuildingA_Floor1,TypeB
1091,2025-04-04 06:02:12,17.26,69.15,BuildingA_Floor2,TypeC
1076,2025-04-04 18:29:32,27.11,48.79,BuildingB_Floor2,TypeB
1019,2025-04-07 15:37:41,23.14,37.53,BuildingB_Floor2,TypeB
1002,2025-04-04 21:26:10,32.13,51.25,BuildingB_Floor1,TypeB
1040,2025-04-08 13:16:49,16.56,73.47,BuildingB_Floor1,TypeB
1087,2025-04-03 22:19:55,19.9,34.77,BuildingA_Floor1,TypeA
1089,2025-04-06 13:21:24,34.05,53.42,BuildingA_Floor1,TypeC
1059,2025-04-07 00:40:51,18.92,67.82,BuildingB_Floor2,TypeB
1018,2025-04-05 05:58:04,17.59,41.62,BuildingB_Floor2,TypeA
1080,2025-04-07 12:07:25,19.6,69.44,BuildingB_Floor1,TypeA
1045,2025-04-06 17:59:46,17.59,79.72,BuildingA_Floor2,TypeB
1024,2025-04-06 01:28:07,34.55,35.46,BuildingB_Floor2,TypeB
1058,2025-04-05 08:43:00,20.7,76.37,BuildingA_Floor2,TypeC
1052,2025-04-06 23:11:40,32.3,55.52,BuildingB_Floor1,TypeA
1072,2025-04-07 15:04:37,22.1,48.2,BuildingB_Floor1,TypeB
1089,2025-04-06 14:18:16,24.26,57.07,BuildingB_Floor2,TypeC
1059,2025-04-06 17:47:19,21.92,59.91,BuildingB_Floor2,TypeB
1064,2025-04-05 21:22:19,27.42,59.67,BuildingB_Floor2,TypeC
1011,2025-04-05 04:49:46,31.28,43.03,BuildingB_Floor2,TypeC
1018,2025-04-08 09:00:10,23.79,56.67,BuildingA_Floor2,TypeB
1049,2025-04-08 02:47:40,18.64,70.65,BuildingA_Floor2,TypeA
1087,2025-04-04 02:33:32,31.03,31.38,BuildingA_Floor1,TypeC
1090,2025-04-08 16:06:16,16.96,45.62,BuildingA_Floor1,TypeC
1090,2025-04-05 10:11:24,19.04,74.47,BuildingA_Floor1,TypeC
1016,2025-04-04 15:37:21,21.74,76.21,BuildingA_Floor2,TypeB
1099,2025-04-08 06:28:08,33.71,55.8,BuildingA_Floor2,TypeB
1064,2025-04-05 22:28:30,21.71,48.02,BuildingB_Floor2,TypeB
1083,2025-04-05 14:44:44,20.65,63.11,BuildingB_Floor2,TypeC
1078,2025-04-06 07:40:42,15.17,44.98,BuildingB_Floor1,TypeB
1023,2025-04-06 04:19:24,18.18,41.3,BuildingA_Floor1,TypeA
1061,2025-04-08 02:33:18,20.59,45.47,BuildingA_Floor1,TypeC
1076,2025-04-06 18:58:57,16.43,40.19,BuildingB_Floor1,TypeC
1078,2025-04-04 03:54:37,19.44,30.63,BuildingB_Floor2,TypeC
1012,2025-04-07 07:19:38,25.2,57.89,BuildingB_Floor1,TypeB
1076,2025-04-05 04:53:44,16.45,78.42,BuildingA_Floor1,TypeA
1068,2025-04-07 22:45:05,15.71,67.82,BuildingB_Floor2,TypeA
1042,2025-04-04 06:39:24,23.59,50.63,BuildingB_Floor1,TypeC
1061,2025-04-04 02:07:59,20.36,68.38,BuildingB_Floor2,TypeA
1001,2025-04-05 15:00:45,19.93,40.99,BuildingB_Floor2,TypeA
1015,2025-04-07 02:54:47,33.31,56.23,BuildingA_Floor2,TypeB
1037,2025-04-04 10:08:41,30.52,52.61,BuildingA_Floor2,TypeA
1000,2025-04-04 01:57:29,24.57,45.31,BuildingB_Floor2,TypeC
1084,2025-04-07 23:33:51,21.09,57.53,BuildingA_Floor1,TypeB
1034,2025-04-06 06:52:16,29.69,69.26,BuildingB_Floor2,TypeC
1078,2025-04-06 08:58:01,34.89,33.34,BuildingB_Floor2,TypeB
1027,2025-04-07 22:59:36,18.11,59.15,BuildingA_Floor2,TypeC
1053,2025-04-06 10:22:47,26.98,49.81,BuildingB_Floor2,TypeA
1086,2025-04-04 15:43:29,33.16,69.52,BuildingB_Floor2,TypeA
1016,2025-04-05 05:02:05,18.35,58.11,BuildingA_Floor2,TypeA
1035,2025-04-04 22:21:05,18.04,40.35,BuildingA_Floor2,TypeA
1008,2025-04-07 11:04:50,24.53,65.05,BuildingB_Floor1,TypeC
1053,2025-04-08 03:31:15,32.11,47.58,BuildingB_Floor2,TypeA
1039,2025-04-05 11:48:50,22.04,58.33,BuildingA_Floor2,TypeA
1040,2025-04-08 02:09:39,32.86,76.37,BuildingB_Floor1,TypeC
1055,2025-04-06 05:21:50,17.94,57.15,BuildingB_Floor1,TypeC
1066,2025-04-05 22:30:35,23.15,37.75,BuildingB_Floor2,TypeB
1042,2025-04-06 20:33:44,32.06,41.63,BuildingA_Floor1,TypeB
1028,2025-04-08 05:21:09,15.63,38.74,BuildingA_Floor2,TypeC
1058,2025-04-06 10:14:27,24.05,33.23,BuildingB_Floor1,TypeA
1039,2025-04-08 08:48:26,21.94,34.5,BuildingA_Floor2,TypeC
1055,2025-04-06 03:21:58,33.19,67.06,BuildingA_Floor2,TypeC
1017,2025-04-07 04:20:35,17.75,38.4,BuildingB_Floor1,TypeA
1078,2025-04-05 15:30:09,27.45,34.56,BuildingB_Floor1,TypeB
1050,2025-04-07 19:15:04,29.55,79.64,BuildingB_Floor2,TypeC
1095,2025-04-07 02:31:37,34.88,51.91,BuildingB_Floor1,TypeA
1036,2025-04-07 19:28:58,16.88,65.76,BuildingA_Floor1,TypeC
1052,2025-04-06 21:00:18,21.69,49.85,BuildingA_Floor2,TypeA
1017,2025-04-05 07:41:56,24.46,56.51,BuildingA_Floor1,TypeC
1065,2025-04-04 04:58:55,23.27,36.93,BuildingB_Floor1,TypeC
1076,2025-04-08 08:34:52,22.87,68.28,BuildingA_Floor2,TypeB
1049,2025-04-05 08:08:45,19.56,40.94,BuildingA_Floor2,TypeB
1087,2025-04-08 04:20:59,17.31,47.75,BuildingB_Floor2,TypeA
1027,2025-04-06 22:45:52,23.81,52.1,BuildingB_Floor2,TypeA
1023,2025-04-03 19:08:56,33.2,51.44,BuildingA_Floor2,TypeC
1053,2025-04-05 19:21:09,25.36,48.03,BuildingB_Floor1,TypeB
1076,2025-04-04 01:46:27,28.16,40.69,BuildingA_Floor2,TypeC
1083,2025-04-06 17:32:44,31.76,34.44,BuildingA_Floor1,TypeC
1091,2025-04-03 18:36:47,21.31,43.05,BuildingA_Floor2,TypeC
1020,2025-04-08 00:23:42,34.41,60.97,BuildingB_Floor1,TypeC
1096,2025-04-05 23:25:27,17.85,73.3,BuildingA_Floor2,TypeC
1043,2025-04-04 10:59:09,24.15,33.82,BuildingA_Floor2,TypeC
1048,2025-04-06 07:09:41,34.97,55.69,BuildingB_Floor1,TypeB
1097,2025-04-07 14:44:57,15.78,77.87,BuildingA_Floor2,TypeA
1033,2025-04-03 22:29:54,23.13,57.89,BuildingB_Floor2,TypeC
1054,2025-04-05 02:37:58,16.09,55.54,BuildingA_Floor1,TypeC
1015,2025-04-04 06:38:19,17.06,60.32,BuildingB_Floor2,TypeC
1018,2025-04-07 13:34:56,24.9,55.89,BuildingB_Floor1,TypeC
1082,2025-04-05 12:04:13,16.04,34.0,BuildingB_Floor2,TypeB
1091,2025-04-04 15:01:05,29.58,53.36,BuildingB_Floor2,TypeC
1090,2025-04-07 15:36:13,30.86,70.15,BuildingB_Floor2,TypeC
1082,2025-04-04 23:37:07,32.99,75.19,BuildingA_Floor1,TypeC
1015,2025-04-07 05:28:59,20.19,45.3,BuildingB_Floor1,TypeA
1055,2025-04-07 20:35:07,26.27,59.35,BuildingA_Floor1,TypeC
1000,2025-04-07 05:51:50,16.65,35.83,BuildingA_Floor2,TypeA
1075,2025-04-05 02:55:11,34.84,36.61,BuildingB_Floor2,TypeA
1076,2025-04-05 02:38:37,24.67,53.68,BuildingA_Floor2,TypeA
1016,2025-04-07 02:42:34,23.21,37.2,BuildingB_Floor2,TypeB
1006,2025-04-08 14:24:35,21.25,46.66,BuildingB_Floor2,TypeC
1068,2025-04-04 03:17:03,23.3,41.65,BuildingB_Floor2,TypeA
1030,2025-04-08 09:42:58,18.85,73.0,BuildingB_Floor1,TypeA
1047,2025-04-08 01:58:22,15.49,67.06,BuildingB_Floor2,TypeA
1071,2025-04-08 07:03:42,20.5,59.17,BuildingB_Floor1,TypeA
1098,2025-04-03 19:46:12,21.82,57.11,BuildingB_Floor1,TypeC
1076,2025-04-04 01:36:39,19.14,46.14,BuildingB_Floor1,TypeB
1096,2025-04-08 07:28:54,31.48,61.29,BuildingA_Floor2,TypeB
1071,2025-04-07 20:58:57,31.2,61.41,BuildingB_Floor1,TypeB
1048,2025-04-04 01:45:32,21.2,59.24,BuildingA_Floor1,TypeA
1007,2025-04-07 04:13:51,19.02,62.78,BuildingB_Floor2,TypeB
1016,2025-04-06 16:43:20,20.83,54.34,BuildingA_Floor1,TypeA
1046,2025-04-08 06:05:20,27.94,62.5,BuildingB_Floor2,TypeA
1066,2025-04-05 13:27:11,29.34,42.9,BuildingB_Floor1,TypeC
1013,2025-04-07 16:28:37,30.94,32.16,BuildingB_Floor1,TypeA
1099,2025-04-05 18:04:41,33.1,67.22,BuildingA_Floor2,TypeC
1018,2025-04-06 10:17:02,33.7,42.71,BuildingA_Floor1,TypeB
1054,2025-04-04 22:12:17,24.89,40.68,BuildingB_Floor2,TypeA
1023,2025-04-06 02:06:34,28.27,62.44,BuildingB_Floor2,TypeB
1065,2025-04-08 08:41:33,16.91,43.76,BuildingB_Floor2,TypeA
1002,2025-04-05 21:43:24,28.35,47.76,BuildingA_Floor1,TypeA
1078,2025-04-07 02:45:46,22.04,70.19,BuildingB_Floor1,TypeA
1089,2025-04-03 22:43:45,23.18,32.01,BuildingB_Floor2,TypeB
1052,2025-04-07 00:39:13,27.33,71.61,BuildingA_Floor1,TypeA
1098,2025-04-06 10:49:21,16.09,75.52,BuildingA_Floor2,TypeB
1048,2025-04-06 01:32:24,18.54,65.89,BuildingB_Floor2,TypeB
1084,2025-04-07 21:39:48,27.55,76.69,BuildingB_Floor1,TypeB
1022,2025-04-06 06:58:37,28.19,50.88,BuildingA_Floor2,TypeB
1098,2025-04-05 13:45:55,32.33,77.19,BuildingA_Floor1,TypeA
1051,2025-04-05 16:43:16,23.33,68.48,BuildingA_Floor1,TypeA
1001,2025-04-06 13:59:07,32.91,60.06,BuildingB_Floor2,TypeB
1075,2025-04-06 11:56:15,31.05,51.65,BuildingB_Floor2,TypeC
1044,2025-04-08 11:29:29,15.16,60.81,BuildingB_Floor2,TypeB
1057,2025-04-08 12:03:45,26.66,78.59,BuildingA_Floor2,TypeC
1057,2025-04-05 17:16:39,21.83,40.27,BuildingA_Floor1,TypeA
1049,2025-04-05 20:58:25,27.23,30.49,BuildingA_Floor2,TypeC
1063,2025-04-05 01:59:46,20.19,47.63,BuildingA_Floor1,TypeC
1015,2025-04-05 16:39:24,26.29,54.17,BuildingA_Floor1,TypeB
1033,2025-04-04 10:47:21,29.84,74.73,BuildingB_Floor2,TypeA
1034,2025-04-05 23:29:57,30.63,45.86,BuildingA_Floor2,TypeB
1059,2025-04-08 02:03:25,31.43,59.44,BuildingB_Floor1,TypeC
1073,2025-04-05 10:26:55,32.74,40.71,BuildingB_Floor2,TypeA
1047,2025-04-05 17:46:20,27.35,72.71,BuildingB_Floor1,TypeB
1003,2025-04-06 18:43:09,16.73,78.75,BuildingA_Floor1,TypeC
1095,2025-04-07 08:36:29,28.64,40.73,BuildingB_Floor1,TypeA
1042,2025-04-07 18:21:35,31.29,79.62,BuildingA_Floor2,TypeC
1030,2025-04-05 21:49:20,18.72,62.22,BuildingB_Floor2,TypeC
1098,2025-04-08 03:25:38,28.08,50.19,BuildingA_Floor2,TypeB
1039,2025-04-04 10:54:59,21.49,46.85,BuildingB_Floor1,TypeB
1049,2025-04-05 23:08:54,32.39,43.71,BuildingA_Floor1,TypeB
1009,2025-04-05 00:18:43,17.96,39.39,BuildingB_Floor2,TypeB
1068,2025-04-06 04:51:48,26.83,75.77,BuildingB_Floor1,TypeB
1022,2025-04-07 13:14:09,26.75,53.91,BuildingA_Floor2,TypeC
1052,2025-04-07 12:59:57,21.59,32.73,BuildingA_Floor1,TypeC
1032,2025-04-07 22:48:53,15.03,69.69,BuildingB_Floor2,TypeC
1027,2025-04-03 19:39:02,22.99,41.01,BuildingB_Floor1,TypeB
1068,2025-04-05 17:44:54,18.69,33.16,BuildingB_Floor2,TypeB
1081,2025-04-08 03:18:35,17.2,43.07,BuildingA_Floor2,TypeB
1035,2025-04-07 12:40:35,33.68,72.96,BuildingB_Floor1,TypeC
1087,2025-04-07 05:27:39,15.02,31.66,BuildingA_Floor2,TypeB
1070,2025-04-04 03:08:06,15.96,38.05,BuildingA_Floor2,TypeC
1034,2025-04-05 16:44:07,21.68,63.69,BuildingA_Floor2,TypeC
1020,2025-04-05 00:24:53,19.91,68.92,BuildingA_Floor1,TypeA
1097,2025-04-08 09:44:46,19.28,43.9,BuildingA_Floor1,TypeC
